Forgive,Reject
together,separate
together,separate
together,separate
together,separate
together,separate
together,separate
together,separate
together,separate
together,separate
together,separate
together,separate
together,separate
together,separate
together,separate
together,separate
together,separate
together,separate
together,separate
together,separate
together,separate
together,separate
together,separate
together,separate
together,together
together,together
together,together
together,together
together,together
together,together
together,together
together,together
separate,together
separate,together
separate,separate
separate,separate
separate,separate
separate,separate
separate,separate
separate,separate
separate,separate